NUM_POZO,NOM_POZO,CVE_ACUI,NOM_ACUIF,ELEV_TN,LATITUD,LONGITUD,PNE_RECIENTE_M,PNE_MIN_M,PNE_MAX_M,CONDICION_FREATICA,PNE_2008,PNE_2009,PNE_2010,PNE_2011,PNE_2012,PNE_2013,PNE_2014
179,CNA_11,0201,TIJUANA,27.62,32.532952,-117.045416,7.49,7.49,8.73,FREATICO SOMERO-MODERADO (5-10m),,8.73,,,,7.49,
180,CNA_13,0201,TIJUANA,21.68,32.533715,-117.03135,5.45,5.45,5.45,FREATICO SOMERO-MODERADO (5-10m),,5.45,,,,,
181,CNA_14,0201,TIJUANA,101.77,32.515291,-117.074806,104.75,104.75,104.75,FREATICO PROFUNDO / MESA (> 25m),,104.75,,,,,
182,CNA_15,0201,TIJUANA,135.43,32.506565,-117.063387,152.82,152.3,152.82,FREATICO PROFUNDO / MESA (> 25m),,152.3,,,,152.82,
183,CNA_17,0201,TIJUANA,125.47,32.488347,-117.011123,10.6,7.31,10.6,FREATICO MEDIO (10-25m),,7.31,,,,10.6,
184,CNA_20,0201,TIJUANA,68.13,32.506622,-117.021559,22.31,22.31,22.31,FREATICO MEDIO (10-25m),,22.31,,,,,
185,CNA_37,0201,TIJUANA,56.04,32.518488,-116.933895,10.47,7.78,10.47,FREATICO MEDIO (10-25m),,7.78,,,,10.47,
186,CNA_41,0201,TIJUANA,113.68,32.45024,-116.873057,29.31,29.31,29.31,FREATICO PROFUNDO / MESA (> 25m),,29.31,,,,,
187,CNA_42,0201,TIJUANA,133.49,32.431934,-116.884847,37.05,21.06,37.05,FREATICO PROFUNDO / MESA (> 25m),,21.06,,,,37.05,
188,CNA_43,0201,TIJUANA,74.89,32.457075,-116.918998,38.95,38.95,43.28,FREATICO PROFUNDO / MESA (> 25m),,43.28,,,,38.95,
189,CNA_45,0201,TIJUANA,110.7,32.450765,-116.938016,24.44,24.44,24.44,FREATICO MEDIO (10-25m),,24.44,,,,,
190,CNA_46,0201,TIJUANA,84.96,32.461126,-116.909042,74.69,74.69,74.69,FREATICO PROFUNDO / MESA (> 25m),,74.69,,,,,
191,CNA_47,0201,TIJUANA,52.27,32.503886,-116.969183,18.01,18.01,18.01,FREATICO MEDIO (10-25m),,18.01,,,,,
192,CNA_54,0201,TIJUANA,31.07,32.514325,-116.997899,6.21,6.21,6.21,FREATICO SOMERO-MODERADO (5-10m),,6.21,,,,,
193,CNA_55,0201,TIJUANA,107.03,32.493402,-117.01611,13.81,7.36,13.81,FREATICO MEDIO (10-25m),,7.36,,,,13.81,
194,CNA_61,0201,TIJUANA,17.35,32.537581,-117.050147,7.79,7.79,7.79,FREATICO SOMERO-MODERADO (5-10m),,7.79,,,,,
195,CNA_64,0201,TIJUANA,19.0,32.536649,-117.04686,5.46,5.46,6.67,FREATICO SOMERO-MODERADO (5-10m),,6.67,,,,5.46,
196,CNA_65,0201,TIJUANA,60.52,32.52415,-116.923593,13.81,11.21,13.81,FREATICO MEDIO (10-25m),,11.21,,,,13.81,
197,CNA_82,0201,TIJUANA,223.56,32.489312,-117.034445,36.19,36.19,36.19,FREATICO PROFUNDO / MESA (> 25m),,36.19,,,,,
198,CNA_88,0201,TIJUANA,58.24,32.522182,-116.918663,7.41,7.41,7.41,FREATICO SOMERO-MODERADO (5-10m),,7.41,,,,,
199,CNA_91,0201,TIJUANA,46.92,32.509972,-116.946397,8.03,6.27,8.03,FREATICO SOMERO-MODERADO (5-10m),,6.27,,,,8.03,
200,CNA_99,0201,TIJUANA,28.17,32.517822,-117.001869,3.32,3.32,3.83,AGUA SOMERA CRITICA (< 5m),,3.83,,,,3.32,
201,Pozo 14,0201,TIJUANA,35.96,32.512687,-116.968222,4.82,4.48,4.82,AGUA SOMERA CRITICA (< 5m),,4.48,,,,4.82,
202,Pozo 3,0201,TIJUANA,41.33,32.511867,-116.961007,8.33,8.33,8.33,FREATICO SOMERO-MODERADO (5-10m),,8.33,,,,,
203,Pozo 32,0201,TIJUANA,19.92,32.541893,-117.033993,7.43,7.19,7.43,FREATICO SOMERO-MODERADO (5-10m),,7.19,,,,7.43,
204,Pozo 36,0201,TIJUANA,20.01,32.535868,-117.026766,4.34,4.34,4.34,AGUA SOMERA CRITICA (< 5m),,4.34,,,,,
205,Pozo 44,0201,TIJUANA,33.35,32.519627,-116.992593,8.94,8.89,8.94,FREATICO SOMERO-MODERADO (5-10m),,8.89,,,,8.94,
206,Pozo 70,0201,TIJUANA,49.07,32.506892,-117.013787,5.57,5.47,5.57,FREATICO SOMERO-MODERADO (5-10m),,5.47,,,,5.57,
207,Pozo 73,0201,TIJUANA,25.74,32.530435,-117.013791,6.79,5.12,6.79,FREATICO SOMERO-MODERADO (5-10m),,5.12,,,,6.79,
208,Pozo Corette,0201,TIJUANA,33.89,32.514732,-116.986476,7.36,7.36,7.36,FREATICO SOMERO-MODERADO (5-10m),,7.36,,,,,
209,Pozo XD,0201,TIJUANA,25.83,32.525345,-117.01527,5.7,4.36,5.7,FREATICO SOMERO-MODERADO (5-10m),,4.36,,,,5.7,
210,PB_1,0201,TIJUANA,51.56,32.490955,-116.937564,8.84,8.84,8.84,FREATICO SOMERO-MODERADO (5-10m),,8.84,,,,,
211,PB_2,0201,TIJUANA,25.97,32.526122,-117.024769,6.71,6.18,6.71,FREATICO SOMERO-MODERADO (5-10m),,6.18,,,,6.71,
212,PB_3,0201,TIJUANA,41.95,32.511854,-116.960979,7.96,7.96,7.96,FREATICO SOMERO-MODERADO (5-10m),,7.96,,,,,
213,PO_1,0201,TIJUANA,51.55,32.490939,-116.937535,8.66,8.66,8.86,FREATICO SOMERO-MODERADO (5-10m),,8.86,,,,8.66,
214,PO_2,0201,TIJUANA,49.76,32.523163,-117.032685,22.39,22.39,22.39,FREATICO MEDIO (10-25m),,22.39,,,,,
215,Pozo 13,0201,TIJUANA,35.67,32.512977,-116.979355,8.14,7.54,8.14,FREATICO SOMERO-MODERADO (5-10m),,7.54,,,,8.14,
216,CNA_10,0201,TIJUANA,54.43,32.51668,-116.937354,10.0,10.0,10.0,FREATICO SOMERO-MODERADO (5-10m),,10,,,,,
217,CNA_18,0201,TIJUANA,76.26,32.50336,-117.0215,30.7,30.7,30.7,FREATICO PROFUNDO / MESA (> 25m),,30.7,,,,,
218,CNA_19,0201,TIJUANA,58.24,32.511652,-117.02184,56.2,56.2,56.2,FREATICO PROFUNDO / MESA (> 25m),,56.2,,,,,
219,CNA_44,0201,TIJUANA,86.94,32.456576,-116.929126,57.58,57.58,57.58,FREATICO PROFUNDO / MESA (> 25m),,57.58,,,,,
220,CNA_59,0201,TIJUANA,146.19,32.546443,-116.977434,131.96,131.96,131.96,FREATICO PROFUNDO / MESA (> 25m),,131.96,,,,,
221,CNA_62,0201,TIJUANA,17.36,32.539661,-117.051581,14.91,14.91,14.91,FREATICO MEDIO (10-25m),,14.91,,,,,
222,CNA_63,0201,TIJUANA,19.09,32.539682,-117.04339,5.6,5.6,8.97,FREATICO SOMERO-MODERADO (5-10m),,8.97,,,,5.6,
223,CNA_66,0201,TIJUANA,83.33,32.460633,-116.909509,74.99,74.99,74.99,FREATICO PROFUNDO / MESA (> 25m),,74.99,,,,,
224,CNA-67,0201,TIJUANA,111.68,32.444863,-116.891494,22.0,16.21,22.0,FREATICO MEDIO (10-25m),,16.21,,,,22,
225,CNA_81,0201,TIJUANA,218.29,32.489869,-117.035692,32.79,32.79,34.06,FREATICO PROFUNDO / MESA (> 25m),,34.06,,,,32.79,
226,CNA_97,0201,TIJUANA,45.55,32.498228,-116.940508,6.1,6.1,8.31,FREATICO SOMERO-MODERADO (5-10m),,8.31,,,,6.1,
